Name,PhoneNumber
James,+12315556789
Robert,+12315556790
John,+12315556791
Michael,+12315556792
David,+12315556793
William,+12315556794
Richard,+12315556795
Joseph,+12315556796
Thomas,+12315556797
Christopher,+12315556798
Charles,+12315556799
Daniel,+12315556800
Matthew,+12315556801
Anthony,+12315556802
Mark,+12315556803
Donald,+12315556804
Steven,+12315556805
Andrew,+12315556806
Paul,+12315556807
Joshua,+12315556808
Kenneth,+12315556809
Kevin,+12315556810
Brian,+12315556811
George,+12315556812
Timothy,+12315556813
Ronald,+12315556814
Jason,+12315556815
Edward,+12315556816
Jeffrey,+12315556817
Ryan,+12315556818
Jacob,+12315556819
Gary,+12315556820
Nicholas,+12315556821
Eric,+12315556822
Jonathan,+12315556823
Stephen,+12315556824
Larry,+12315556825
Justin,+12315556826
Scott,+12315556827
Brandon,+12315556828
Benjamin,+12315556829
Samuel,+12315556830
Gregory,+12315556831
Alexander,+12315556832
Patrick,+12315556833
Frank,+12315556834
Raymond,+12315556835
Jack,+12315556836
Dennis,+12315556837
Jerry,+12315556838
Tyler,+12315556839
Aaron,+12315556840
Jose,+12315556841
Adam,+12315556842
Nathan,+12315556843
Henry,+12315556844
Zachary,+12315556845
Douglas,+12315556846
Peter,+12315556847
Kyle,+12315556848
Noah,+12315556849
Ethan,+12315556850
Jeremy,+12315556851
Walter,+12315556852
Christian,+12315556853
Keith,+12315556854
Roger,+12315556855
Terry,+12315556856
Austin,+12315556857
Sean,+12315556858
Gerald,+12315556859
Carl,+12315556860
Harold,+12315556861
Dylan,+12315556862
Arthur,+12315556863
Lawrence,+12315556864
Jordan,+12315556865
Jesse,+12315556866
Bryan,+12315556867
Billy,+12315556868
Bruce,+12315556869
Gabriel,+12315556870
Joe,+12315556871
Logan,+12315556872
Alan,+12315556873
Juan,+12315556874
Albert,+12315556875
Willie,+12315556876
Elijah,+12315556877
Wayne,+12315556878
Randy,+12315556879
Vincent,+12315556880
Mason,+12315556881
Roy,+12315556882
Ralph,+12315556883
Bobby,+12315556884
Russell,+12315556885
Bradley,+12315556886
Philip,+12315556887
Eugene,+12315556888
Mary,+12315556889
Patricia,+12315556890
Jennifer,+12315556891
Linda,+12315556892
Elizabeth,+12315556893
Barbara,+12315556894
Susan,+12315556895
Jessica,+12315556896
Sarah,+12315556897
Karen,+12315556898
Lisa,+12315556899
Nancy,+12315556900
Betty,+12315556901
Sandra,+12315556902
Margaret,+12315556903
Ashley,+12315556904
Kimberly,+12315556905
Emily,+12315556906
Donna,+12315556907
Michelle,+12315556908
Carol,+12315556909
Amanda,+12315556910
Melissa,+12315556911
Deborah,+12315556912
Stephanie,+12315556913
Dorothy,+12315556914
Rebecca,+12315556915
Sharon,+12315556916
Laura,+12315556917
Cynthia,+12315556918
Amy,+12315556919
Kathleen,+12315556920
Angela,+12315556921
Shirley,+12315556922
Brenda,+12315556923
Emma,+12315556924
Anna,+12315556925
Pamela,+12315556926
Nicole,+12315556927
Samantha,+12315556928
Katherine,+12315556929
Christine,+12315556930
Helen,+12315556931
Debra,+12315556932
Rachel,+12315556933
Carolyn,+12315556934
Janet,+12315556935
Maria,+12315556936
Catherine,+12315556937
Heather,+12315556938
Diane,+12315556939
Olivia,+12315556940
Julie,+12315556941
Joyce,+12315556942
Victoria,+12315556943
Ruth,+12315556944
Virginia,+12315556945
Lauren,+12315556946
Kelly,+12315556947
Christina,+12315556948
Joan,+12315556949
Evelyn,+12315556950
Judith,+12315556951
Andrea,+12315556952
Hannah,+12315556953
Megan,+12315556954
Cheryl,+12315556955
Jacqueline,+12315556956
Martha,+12315556957
Madison,+12315556958
Teresa,+12315556959
Gloria,+12315556960
Sara,+12315556961
Janice,+12315556962
Ann,+12315556963
Kathryn,+12315556964
Abigail,+12315556965
Sophia,+12315556966
Frances,+12315556967
Jean,+12315556968
Alice,+12315556969
Judy,+12315556970
Isabella,+12315556971
Julia,+12315556972
Grace,+12315556973
Amber,+12315556974
Denise,+12315556975
Danielle,+12315556976
Marilyn,+12315556977
Beverly,+12315556978
Charlotte,+12315556979
Natalie,+12315556980
Theresa,+12315556981
Diana,+12315556982
Brittany,+12315556983
Doris,+12315556984
Kayla,+12315556985
Alexis,+12315556986
Lori,+12315556987
Marie,+12315556988
